knowledge,question,right_answer,hallucinated_answer,model_answer
Arthur's Magazine (1844–1846) was an American literary periodical published in Philadelphia in the 19th century.First for Women is a woman's magazine published by Bauer Media Group in the USA.,Which magazine was started first Arthur's Magazine or First for Women?,Arthur's Magazine,First for Women was started first.,"Arthur's Magazine was started first, in 1844. First for Women's start date is not specified in the provided knowledge, but it is known to be published by Bauer Media Group in the USA, implying it is a more modern publication, after 1844."
"The Oberoi family is an Indian family that is famous for its involvement in hotels, namely through The Oberoi Group.The Oberoi Group is a hotel company with its head office in Delhi.",The Oberoi family is part of a hotel company that has a head office in what city?,Delhi,The Oberoi family's hotel company is based in Mumbai.,The Oberoi family is part of a hotel company that has a head office in Delhi.
"Allison Beth ""Allie"" Goertz (born March 2, 1991) is an American musician. Goertz is known for her satirical songs based on various pop culture topics. Her videos are posted on YouTube under the name of Cossbysweater.Milhouse Mussolini van Houten is a fictional character featured in the animated television series ""The Simpsons"", voiced by Pamela Hayden, and created by Matt Groening who named the character after President Richard Nixon's middle name.","Musician and satirist Allie Goertz wrote a song about the ""The Simpsons"" character Milhouse, who Matt Groening named after who?",President Richard Nixon,"Allie Goertz wrote a song about Milhouse, a popular TV character, named after an influential political figure.","Allie Goertz wrote a song about the ""The Simpsons"" character Milhouse, who Matt Groening named after President Richard Nixon's middle name, which is Milhouse, but more specifically after Milhous, which is Nixon's middle name, however the question asks after who, so the answer is: President Richard Nixon, but more specifically, his middle name, however the question is after who, so the answer is after President Richard Nixon, but the question is after who, so the answer is:  President Richard Nixon's middle name is Milhous, but the question is after who, the answer is:  Richard Nixon."
"Margaret ""Peggy"" Seeger (born June 17, 1935) is an American folksinger. She is also well known in Britain, where she has lived for more than 30 years, and was married to the singer and songwriter Ewan MacColl until his death in 1989.James Henry Miller (25 January 1915 – 22 October 1989), better known by his stage name Ewan MacColl, was an English folk singer, songwriter, communist, labour activist, actor, poet, playwright and record producer.", What nationality was James Henry Miller's wife?,American,James Henry Miller's wife was British.,"American. James Henry Miller, also known as Ewan MacColl, was married to Margaret ""Peggy"" Seeger, who is an American folksinger."
" It is a hygroscopic solid that is highly soluble in water and slightly soluble in alcohol.Ethanol, also called alcohol, ethyl alcohol, and drinking alcohol, is a compound and simple alcohol with the chemical formula C2H5OH .","Cadmium Chloride is slightly soluble in this chemical, it is also called what?",alcohol,water with a hint of alcohol,"Cadmium Chloride is slightly soluble in alcohol, which is also called ethanol or ethyl alcohol."
"Jonathan Stark (born April 3, 1971) is a former professional tennis player from the United States. During his career he won two Grand Slam doubles titles (the 1994 French Open Men's Doubles and the 1995 Wimbledon Championships Mixed Doubles). He reached the men's singles final at the French Open in 1988, won the French Open men's doubles title in 1984, and helped France win the Davis Cup in 1991.","Which tennis player won more Grand Slam titles, Henri Leconte or Jonathan Stark?",Jonathan Stark,Henri Leconte won more Grand Slam titles.,"The provided information does not mention Henri Leconte's Grand Slam titles, but it does mention Jonathan Stark's. According to the information, Jonathan Stark won 2 Grand Slam titles. Without information on Henri Leconte's titles, it's impossible to compare the two."
"Indogrammodes is a genus of moths of the Crambidae family. It contains only one species, Indogrammodes pectinicornalis, which is found in India.India, officially the Republic of India (""Bhārat Gaṇarājya""), is a country in South Asia. It is the seventh-largest country by area, the second-most populous country (with over 1.2 billion people), and the most populous democracy in the world.",Which genus of moth in the world's seventh-largest country contains only one species?,Crambidae,The Indogrammodes genus of moths found in India has only one species.,The genus of moth that contains only one species in the world's seventh-largest country (India) is Indogrammodes.
" Fighters from around world on the roster include Badr Hari, Peter Aerts, Peter Graham, Dewey Cooper, Zabit Samedov. It was considered as one of the biggest kickboxing and MMA promotion in Middle East.Badr Hari (Arabic: بدر هاري‎ ‎ ; born 8 December 1984) is a Moroccan-Dutch super heavyweight kickboxer from Amsterdam, fighting out of Mike's Gym in Oostzaan. Hari has been a prominent figure in the world of kickboxing and was once considered the best kickboxer in the world, however he has been involved in a number of controversies relating to his ""unsportsmanlike conducts"" in the sport and crimes of violence outside of the ring.","Who was once considered the best kick boxer in the world, however he has been involved in a number of controversies relating to his ""unsportsmanlike conducts"" in the sport and crimes of violence outside of the ring.",Badr Hari,Badr Hari is a notorious kickboxer.,"Badr Hari was once considered the best kickboxer in the world, however he has been involved in a number of controversies relating to his ""unsportsmanlike conducts"" in the sport and crimes of violence outside of the ring."
"House of Anubis is a mystery television series developed for Nickelodeon based on the Dutch-Belgian television series ""Het Huis Anubis"". It first aired in September 2006 and the last episode was broadcast on December 4, 2009.","The Dutch-Belgian television series that ""House of Anubis"" was based on first aired in what year?",2006,"The inspiration for ""House of Anubis"" first aired in 2003.","The provided knowledge does not specify the year the Dutch-Belgian television series ""Het Huis Anubis"" first aired. It only mentions when ""House of Anubis"" first aired, which was in 2011 (not 2006, as that seems to be an error since the last episode was in 2009, but the series actually started in 2011 on Nickelodeon), but the exact start year of ""Het Huis Anubis"" is not given."
"The 2013 Liqui Moly Bathurst 12 Hour was an endurance race for a variety of GT and touring car classes, including: GT3 cars, GT4 cars, Group 3E Series Production Cars and Dubai 24 Hour cars. The event, which was staged at the Mount Panorama Circuit, near Bathurst, in New South Wales, Australia on 10 February 2013, was the eleventh running of the Bathurst 12 Hour.Mount Panorama Circuit is a motor racing track located in Bathurst, New South Wales, Australia. The 6.213 km long track is technically a street circuit, and is a public road, with normal speed restrictions, when no racing events are being run, and there are many residences which can only be accessed from the circuit.",What is the length of the track where the 2013 Liqui Moly Bathurst 12 Hour was staged?,6.213 km long,The Mount Panorama Circuit track is longer than 7 km.,The length of the track where the 2013 Liqui Moly Bathurst 12 Hour was staged is 6.213 km.
" Vocals are handled by Aesop Rock, with guest appearances from Camu Tao and Metro of S.A. Smash and Definitive Jux label head El-P.Jaime Meline (born March 2, 1975), better known by his stage name El-P (shortened from El Producto), is an American hip hop recording artist, record producer, and record executive.","Fast Cars, Danger, Fire and Knives includes guest appearances from which hip hop record executive?",Jaime Meline,"Fast Cars, Danger, Fire and Knives includes guest appearances from Russell Simmons.","Fast Cars, Danger, Fire and Knives includes guest appearances from El-P, who is a hip hop record executive and the head of Definitive Jux label."
"Gunmen from Laredo is a 1959 American western film produced and directed by Wallace MacDonald, which stars Robert Knapp, Maureen Hingert, and Walter Coy.Walter Darwin Coy (January 31, 1909 – December 11, 1974) was an American stage, radio, film, and, principally, television actor, originally from Great Falls, Montana. He was best known for narrating the NBC western anthology series, ""Frontier"", which aired early Sunday evenings in the 1955–1956 season.","Gunmen from Laredo starred which narrator of ""Frontier""?",Walter Darwin Coy,"Although Walter Darwin Coy was part of the cast, the narrator of ""Frontier"" was actually Richard Boone.","Walter Coy, the narrator of the NBC western anthology series ""Frontier"", starred in the film ""Gunmen from Laredo""."
"Die Rhöner Säuwäntzt are a Skiffle-Bluesband from Eichenzell-Lütter in Hessen, Germany. Originating as a term in the United States in the first half of the 20th century, it became popular again in the UK in the 1950s, where it was associated with artists such as Lonnie Donegan, The Vipers Skiffle Group, Ken Colyer and Chas McDevitt.",Where did the form of music played by Die Rhöner Säuwäntzt originate?,United States,The form of music played by Die Rhöner Säuwäntzt originated in the United Kingdom,"The form of music played by Die Rhöner Säuwäntzt, which is Skiffle-Blues, originated in the United States in the first half of the 20th century."
 Smith was named the Most Valuable Player of Super Bowl XLVIII after they defeated the Denver Broncos.Super Bowl XLVIII was an American football game between the American Football Conference (AFC) champion Denver Broncos and National Football Conference (NFC) champion Seattle Seahawks to decide the National Football League (NFL) champion for the 2013 season.,In which American football game was Malcolm Smith named Most Valuable player?,Super Bowl XLVIII,Malcolm Smith was named Most Valuable Player of the Pro Bowl 2013.,Malcolm Smith was named the Most Valuable Player of Super Bowl XLVIII.
" The nine mile byway starts south of Morehead, Kentucky and can be accessed by U.S. Highway 60.Morehead is a home rule-class city located along US 60 (the historic Midland Trail) and Interstate 64 in Rowan County, Kentucky, in the United States.","What U.S Highway gives access to Zilpo Road, and is also known as Midland Trail?",US 60,"It's actually Zilpo Road that is known as Midland Trail, not US 60.","U.S. Highway 60 gives access to the nine mile byway (also known as Zilpo Road in some areas), and is also known as the historic Midland Trail."
"The Great Outdoors is a 1988 American comedy film directed by Howard Deutch, and written and produced by John Hughes. It stars Dan Aykroyd, John Candy, Stephanie Faracy and Annette Bening in her film debut.Annette Carol Bening (born May 29, 1958) is an American actress. She is a four-time Academy Award nominee; for ""The Grifters"" (1990), ""American Beauty"" (1999), ""Being Julia"" (2004) and ""The Kids Are All Right"" (2010). In 2006, she received a star on the Hollywood Walk of Fame.","The 1988 American comedy film, The Great Outdoors, starred a four-time Academy Award nominee, who received a star on the Hollywood Walk of Fame in what year?",2006,Annette Bening received her Hollywood star in 1988.,The four-time Academy Award nominee who starred in The Great Outdoors and received a star on the Hollywood Walk of Fame is Annette Bening. She received her star in 2006.
" The Playbills, which describe the musical as having ""explosions, negligible storytelling, camouflage and tits"", also state that the musical's cast included actors such as Taye Diggs (who would go on to play the role of Hedwig in the summer of 2015) and that the music was written by Metallica and Stephen R. Schwartz, which is the real name of ""Hedwig"" songwriter Stephen Trask. Metallica's current lineup comprises founding members Hetfield and Ulrich, longtime lead guitarist Kirk Hammett, and bassist Robert Trujillo.",What are the names of the current members of  American heavy metal band who wrote the music for  Hurt Locker The Musical? ,"Hetfield and Ulrich, longtime lead guitarist Kirk Hammett, and bassist Robert Trujillo.","Lars, Hammett, Burton, Ulrich and Mustaine.","The question contains incorrect information. The musical is not called ""Hurt Locker The Musical"", and there is no information about a musical with that name. However, according to the provided knowledge, the music for a musical (not specified as ""Hurt Locker The Musical"") was written by Metallica, and the current members of Metallica are:

1. Hetfield
2. Ulrich
3. Kirk Hammett
4. Robert Trujillo"
"""Human Error"" is the twenty-fourth episode and season finale of the third season of ""House"" and the seventieth episode overall.House (also called House, M.D.) is an American television medical drama that originally ran on the Fox network for eight seasons, from November 16, 2004 to May 21, 2012.","Human Error"" is the season finale of the third season of a tv show that aired on what network?",Fox,"""Human Error"" was actually the season finale of the fourth season of ""House"" and aired on NBC.",The Fox network.
" Her self-titled debut studio album was released on 2 June 2017.""New Rules"" is a song by English singer Dua Lipa from her eponymous debut studio album (2017).","Dua Lipa, an English singer, songwriter and model, the album spawned the number-one single ""New Rules"" is a song by English singer Dua Lipa from her eponymous debut studio album, released in what year?",2017,The album was released in 2018.,2017
"Joseph John “Joe” Heck (born October 30, 1961) is an American politician, physician, and U.S. Army Brigadier General who had served as the U.S. Representative for Nevada's 3rd congressional district from 2011 to 2017. He ran unsuccessfully against Democrat Catherine Cortez Masto in the general election for the open Nevada United States Senate seat in 2016. She previously served as the 32nd Attorney General of Nevada from 2007 to 2015.","American politician Joe Heck ran unsuccessfully against Democrat Catherine Cortez Masto, a woman who previously served as the 32nd Attorney General of where?",Nevada,Cortez Masto was the 32nd Attorney General of Wyoming.,Nevada.
Warren Bryant was the CEO of Longs Drugs Store Corporation out of California prior to the retail chain's acquisition by CVS/Caremark.Longs Drugs is an American chain with approximately 40 drug stores throughout the state of Hawaii.,"Which state does the drug stores, of which the CEO is Warren Bryant, are located?",Hawaii,The drug stores in which Warren Bryant was the CEO are located in Utah.,"The state where the drug stores are located is Hawaii, and also California, since Longs Drugs Store Corporation is out of California."
" Donahue replaced Kelli Ward who resigned to run for the United States Senate.Kelli Ward (""née"" Kaznoski; born January 25, 1969) is an American politician and osteopathic physician.",Which  American politician did Donahue replaced ,Kelli Ward,Donahue replaced Kelli Ward's position.,Kelli Ward.
"Courtney Michelle Love (born Courtney Michelle Harrison; July 9, 1964) is an American singer, songwriter, actress, and visual artist. She rose to prominence as the frontwoman of the alternative rock band Hole, which she formed in 1989.The Wolfhounds are an indie pop/noise pop band formed in Romford, UK in 1985 by Dave Callahan, Paul Clark, Andy Golding, Andy Bolton and Frank Stebbing, and originally active until 1990.","Which band was founded first, Hole, the rock band that Courtney Love was a frontwoman of, or The Wolfhounds?",The Wolfhounds,"Hole, the rock band that Courtney Love was a frontwoman of was founded first.","The Wolfhounds were founded first, in 1985. Hole, the rock band that Courtney Love was the frontwoman of, was formed in 1989, 4 years after The Wolfhounds."
"Catching Fire is a 2009 science fiction young adult novel by the American novelist Suzanne Collins, the second book in ""The Hunger Games trilogy"". It is written in the voice of 16-year-old Katniss Everdeen, who lives in the future, post-apocalyptic nation of Panem in North America.",How old is the female main protagonist of Catching Fire?,16-year-old,"17-year-old, just slightly older.","The female main protagonist, Katniss Everdeen, is 16 years old."
 Chang was born when Korea was still under Japanese colonial rule.Korea under Japanese rule began with the end of the short-lived Korean Empire in 1910 and ended at the conclusion of World War II in 1945.,Chang Ucchin was born in korea during a time that ended with the conclusion of what? ,World War II,Chang was born before the war ended.,World War II.
"The Quality Cafe (also known as Quality Diner) is a now-defunct diner at 1236 West 7th Street in Los Angeles, California. The restaurant ceased to function as a diner in late 2006 but has appeared as a location featured in a number of Hollywood films, including ""Training Day"", ""Old School"", ""Se7en"", ""Ghost World"", ""Gone in 60 Seconds"", ""The Stepfather"", ""What's Love Got to Do with It"", ""Sex and Death 101"", and ""Catch Me If You Can.""Old School is a 2003 American comedy film released by DreamWorks Pictures and The Montecito Picture Company and directed by Todd Phillips.",Who is the director of the 2003 film which has scenes in it filmed at the Quality Cafe in Los Angeles?,Todd Phillips,The director of the 2003 film featuring scenes at Quality Cafe is Kevin Phillips.,"The director of the 2003 film ""Old School"", which has scenes filmed at the Quality Cafe in Los Angeles, is Todd Phillips."
" It helped jump start the careers of several young performers including Paul Lynde, Alice Ghostley, Eartha Kitt, Robert Clary, Carol Lawrence, Ronny Graham, performer/writer Mel Brooks (as Melvin Brooks), and lyricist Sheldon Harnick.Carol Lawrence (born September 5, 1932) is an American actress, most often associated with musical theatre, but who has also appeared extensively on television.","New Faces of 1952 is a musical revue with songs and comedy skits, it helped jump start the career of which young performer, and American actress?",Carol Lawrence,"New Faces of 1952 was responsible for launching the careers of many young performers, including actress Carol Lawrence.","New Faces of 1952 helped jump start the career of young performer Carol Lawrence, who is an American actress."
"Pavel Samuilovich Urysohn (Па́вел Самуи́лович Урысо́н ) (February 3, 1898 – August 17, 1924) was a Soviet mathematician of Jewish origin who is best known for his contributions in dimension theory, and for developing Urysohn's Metrization Theorem and Urysohn's Lemma, both of which are fundamental results in topology.Leonid Anatolievich Levin ( ; Russian: Леони́д Анато́льевич Ле́вин ; Ukrainian: Леоні́д Анато́лійович Ле́він ; born November 2, 1948) is a Soviet-American computer scientist.",Were Pavel Urysohn and Leonid Levin known for the same type of work?,no,Pavel Urysohn and Leonid Levin collaborated on mathematical research.,"No, Pavel Urysohn and Leonid Levin were not known for the same type of work. Pavel Urysohn was a mathematician who made significant contributions to dimension theory and topology, while Leonid Levin is a computer scientist."
"The New Pornographers is a Canadian indie rock band formed in 1997 in Vancouver, British Columbia.Kings of Leon is an American rock band that formed in Nashville, Tennessee, in 1999.",Are both The New Pornographers and Kings of Leon American rock bands?,no,"Yes, both The New Pornographers and Kings of Leon are now American rock bands.","No, they are not both American rock bands. The New Pornographers is a Canadian indie rock band, while Kings of Leon is an American rock band."
"750 Seventh Avenue is a 615 ft (187m) tall Class-A office skyscraper in New York City.101 Park Avenue is a 629 ft tall skyscraper in New York City, New York.","750 7th Avenue and 101 Park Avenue, are located in which city?",New York City,"750 7th Avenue and 101 Park Avenue are located in Albany, New York.",Both 750 7th Avenue and 101 Park Avenue are located in New York City.
"Kimberly Ann Hart is a fictitious character in the ""Power Rangers"" universe. Played by actress Amy Jo Johnson during the first three seasons of the show, plus on the two feature films of the franchise, Kimberly has the longest tenure of any female ranger in the series' history, and fourth overall.Power Rangers is an American entertainment and merchandising franchise built around a live action superhero television series. Produced first by Saban Entertainment, later by BVS Entertainment, and today by SCG Power Rangers, the television series takes much of its footage from the Japanese tokusatsu ""Super Sentai"", produced by Toei Company.","Which actress played the part of fictitious character Kimberly Ann Hart, in the franchise built around a live action superhero television series taking much of its footage from the Japanese tokusatsu 'Super Sentai'?",Amy Jo Johnson,Kimberly was played by Amy Johnson.,The actress who played the part of Kimberly Ann Hart is Amy Jo Johnson.
"Pablo Trapero (Born 4 October 1971) is an Argentine film producer, editor and director.Aleksander Ford (born Mosze Lifszyc; 24 November 1908 in Kiev, Russian Empire – 4 April 1980 in Naples, Florida, United States) was a Polish Jewish film director; and head of the Polish People's Army Film Crew in the Soviet Union during World War II.","Who was born first, Pablo Trapero or Aleksander Ford?",Aleksander Ford,Pablo Trapero was born first.,"Aleksander Ford was born first, on 24 November 1908. Pablo Trapero was born on 4 October 1971, more than 62 years later."
"Jane was an American magazine created to appeal to the women who grew up reading ""Sassy Magazine""; Jane Pratt was the founding editor of each.First for Women is a woman's magazine published by Bauer Media Group in the USA.",Are Jane and First for Women both women's magazines?,yes,"While Jane and First for Women are both publications, one is aimed at women while the other is not.","Yes, Jane and First for Women are both women's magazines."
"Nicholas Ray (born Raymond Nicholas Kienzle Jr., August 7, 1911 – June 16, 1979) was an American film director best known for the movie ""Rebel Without a Cause.""Elia Kazan (born Elias Kazantzoglou September 7, 1909 – September 28, 2003) was a Greek-American director, producer, writer and actor, described by ""The New York Times"" as ""one of the most honored and influential directors in Broadway and Hollywood history"".",What profession does Nicholas Ray and Elia Kazan have in common?,director,Nicholas Ray and Elia Kazan both worked in the film industry.,Nicholas Ray and Elia Kazan both have the profession of a director in common.
" On April 11, 2013, US based Polaris Industries announced that it had acquired Aixam-Mega. Polaris is based in Roseau, Minnesota, USA.",Where is the company that purchased Aixam based in?,"Roseau, Minnesota, USA",Polaris Industries is based in Alaska.,"The company that purchased Aixam-Mega, Polaris Industries, is based in Roseau, Minnesota, USA."
"Adam Clayton Powell is a 1989 American documentary film directed by Richard Kilberg about the civil rights leader.The Saimaa Gesture (Finnish: ""Saimaa-ilmiö"" ) is a 1981 film by Finnish directors Aki and Mika Kaurismäki. It is a documentary of three Finnish rock groups aboard the steamboat SS Heinävesi on their tour around Lake Saimaa.","Which documentary is about Finnish rock groups, Adam Clayton Powell or The Saimaa Gesture?",The Saimaa Gesture,Adam Clayton Powell is about civil rights leader.,The Saimaa Gesture is the documentary about Finnish rock groups.
"Cia Berg (born 2 December 1963), now known as Cia Soro, is a Swedish television presenter and singer. She was at one time the lead singer of the Swedish rock band Whale, who released the single ""Hobo Humpin' Slobo Babe"".David Lee Roth (born October 10, 1954) is an American rock vocalist, musician, songwriter, actor, author, and former radio personality. In 2007, he was inducted into the Rock and Roll Hall of Fame.","Who was inducted into the Rock and Roll Hall of Fame, David Lee Roth or Cia Berg?",David Lee Roth,Cia Berg was inducted into the Rock and Roll Hall of Fame.,David Lee Roth was inducted into the Rock and Roll Hall of Fame.
" It has a sister school in Carle Place, New York, United States.Carle Place Middle/High School is a six-year comprehensive public high school located in the hamlet of Carle Place in Nassau County, New York.",Zimbabwe's Guwe Secondary School has a sister school in what New York cunty?,Nassau County,Suffolk County is the sister school's location.,Nassau County.
"The Royal Commission into Drug Trafficking (1977–1979) or Woodward Royal Commission was a royal commission initiated by the New South Wales Government to investigate drug trafficking in New South Wales, Australia, especially links between the Mafia and New South Wales Police and the disappearance of anti-marijuana campaigner Donald Mackay.The Honoured Society (Italian: ""Onorata Società"" ) is a Calabrian 'Ndrangheta criminal confederation, started in Melbourne and currently active in all Australia.","The Royal Commission into Drug Trafficking (1977–1979) or Woodward Royal Commission was a royal commission initiated by the New South Wales Government to investigate drug trafficking in New South Wales, Australia, especially links between the New South Wales Police and Mafia, The Honoured Society, is a Calabrian 'Ndrangheta criminal confederation, started in Melbourne and currently active in all of which country?  ",Australia,"The Honoured Society is a Calabrian 'Ndrangheta criminal confederation, started in Melbourne and currently active in Italy.",The Honoured Society is currently active in all of Australia.
"The 337th Flight Test Squadron (337 FLTS) was most recently part of the 46th Test Wing and based at McClellan Air Force Base, California.McClellan Air Force Base (1935–2001) is a former United States Air Force base located in the North Highlands area of Sacramento County, 7 mi northeast of Sacramento, California.","The 337th Flight Test Squadron (337 FLTS) was most recently part of the 46th Test Wing and based at McClellan Air Force Base, a former United States Air Force base located in the North Highlands area of Sacramento County, in which US state?",California,"The 337th Flight Test Squadron (337 FLTS) was most recently part of the 46th Test Wing and based at McClellan Air Force Base, which was located near California.",California.
"The Pirna 014 was an axial turbojet designed in East Germany (or the GDR) in the mid- to late 1950s by former Junkers engineers, who were repatriated to East Germany in 1954 after being held in custody in the Soviet Union following World War II.Junkers Flugzeug- und Motorenwerke AG (JFM, earlier JCO or JKO in World War I), more commonly Junkers, was a major German aircraft and aircraft engine manufacturer. It produced some of the world's most innovative and best-known airplanes over the course of its fifty-plus year history in Dessau, Germany.",The axial turbojet Pirna 014 was designed by engineers from this German aircraft and aircraft engine manufacturer based in which city?,Dessau,The Pirna 014 was designed by engineers from Junkers in Stuggart.,"The axial turbojet Pirna 014 was designed by engineers from Junkers, a German aircraft and aircraft engine manufacturer based in Dessau, Germany."
"The University of Providence (UP) (renamed from University of Great Falls in July 2017), is a private Roman Catholic university located in Great Falls, Montana within the Diocese of Great Falls–Billings. The university is accredited by the Northwest Association of Schools and Colleges.Great Falls is a city in and the county seat of Cascade County, Montana, United States. Great Falls remained the second largest city in Montana until 2000, when it was passed by Missoula. Since then Great Falls has been the third largest city in the state.","Which faith is designated to the University of Providence, private university accredited by the NW association of Schools and Colleges and located in a third largest city in Montana after being passed by Missoula? ",Roman Catholic,The University of Providence is of the Lutheran faith.,The University of Providence is designated as a Roman Catholic university.
"Pauline Henry (born 29 January 1961) is a British Jamaican recording artist. She was the vocalist in the Scottish band The Chimes, best known for their 1990 cover version of U2's ""I Still Haven't Found What I'm Looking For"", between 1988 and 1991.""I Still Haven't Found What I'm Looking For"" is a song by Irish rock band U2. It is the second track from their 1987 album ""The Joshua Tree"" and was released as the album's second single in May 1987.",Pauline Henry was known as the vocalist of a very popular cover song. Which album was this song from?,The Joshua Tree,"""I Still Haven't Found What I'm Looking For"" belongs to the ""War"" album.","The song Pauline Henry was known for, ""I Still Haven't Found What I'm Looking For"", is originally from U2's album ""The Joshua Tree""."
" All tracks were recorded at Tarquin's Jungle Room Studios in New Paltz (village), New York.New Paltz is a village in Ulster County located in the U.S. state of New York.",Guitars for Wounded Warriors is an album that was recorded in the village in which New York county?,Ulster County,The Guitars for Wounded Warriors album was recorded in Albany County.,"The album was recorded in the village of New Paltz, which is located in Ulster County, New York."
"""The Battle"" is a song by American country music artist George Jones. Meanwhile, the single ""Golden Ring,"" a duet with his estranged ex-wife Tammy Wynette, became a #1 hit that same year.Tammy Wynette (born Virginia Wynette Pugh; May 5, 1942 – April 6, 1998) was an American country music singer-songwriter and one of country music's best-known artists and biggest-selling female singers.","What American country music singer-songwriter, born in May of 1942, sang a duet with her ex-husband the same year that he released the song ""The Battle?""",Tammy Wynette,Tammy Wynette was one of the best-known female country music artists who sang a duet with her ex-husband.,"Tammy Wynette, born Virginia Wynette Pugh on May 5, 1942, sang a duet with her ex-husband George Jones the same year he released the song ""The Battle"". The duet was called ""Golden Ring""."
"Sir Francis Nethersole (1587–1659) was an English diplomat, secretary to the Electress Elizabeth, Member of Parliament for Corfe Castle, Dorset, and a Civil War political pamphleteer.Elizabeth Stuart (19 August 1596 – 13 February 1662) was Electress of the Palatinate and briefly Queen of Bohemia as the wife of Frederick V of the Palatinate.","Who was born first, Francis Nethersole or Elizabeth Stuart?",Sir Francis Nethersole,Elizabeth Stuart was born first.,"Francis Nethersole was born first, in 1587, while Elizabeth Stuart was born in 1596."
"Hacker-Pschorr is a brewery in Munich, formed in 1972 out of the merger of two breweries, Hacker and Pschorr.The Reinheitsgebot (] , literally ""purity order""), sometimes called the ""German Beer Purity Law"" in English, is the collective name for a series of regulations limiting the ingredients in beer in Germany and the states of the former Holy Roman Empire. The best-known version of the law was adopted in Bavaria in 1516, but similar regulations predate the Bavarian order, and modern regulations also significantly differ from the 1516 Bavarian version.",What does the Hacker-Pschorr Brewery have to limit in order to comply with German regulations?,ingredients in beer,Hacker-Pschorr Brewery must limit their beer's purity.,"The Hacker-Pschorr Brewery has to limit the ingredients in its beer in order to comply with German regulations, specifically the Reinheitsgebot, also known as the ""German Beer Purity Law""."
" Associates of PSI include: Mathew Atha, Colin Angus, Brian Barritt, Michael Carmichael, Fraser Clark, Paul Devereux, the late John Entwistle, Paul Flynn MP, Ben Ganly, Lee Harris, Mike Jay, Howard Marks, Dr John Marks, Jonathan Ott, Dr Russell Newcombe, Richard Rudgley and Youth.Dennis Howard Marks (13 August 1945 – 10 April 2016) was a Welsh drug smuggler and author who achieved notoriety as an international cannabis smuggler through high-profile court cases.","Don Barry Mason was the founder of the Psychedelic Shamanistic Institute (PSI), which other member that's Welsh, that died on 10 April 2016?",Dennis Howard Marks,"The founder of PSI was Welsh, not Marks.",The member of PSI who is Welsh and died on 10 April 2016 is Dennis Howard Marks.
"The Messenger is a 2015 British supernatural mystery horror film directed by David Blair, written by Andrew Kirk and starring Robert Sheehan and Lily Cole.Robert Michael Sheehan (Irish: ""Roibeárd Mícheál Ó Siodhacháin"" ; born 7 January 1988) is an Irish actor.",What male actor starred in The Messenger?,Robert Sheehan,The Messenger starred Michael Sheen.,Robert Sheehan.
"A gin and tonic is a highball cocktail made with gin and tonic water poured over ice.The paloma (Spanish for ""dove"") is a tequila-based cocktail.",Are Gin and tonic and Paloma both cocktails based on tequila?,no,"Yes, Gin and tonic and Paloma are both tequila-based cocktails.","No, they are not. A Gin and Tonic is a cocktail made with gin, while a Paloma is a tequila-based cocktail. Only the Paloma is based on tequila."
